word,bri,pos,eje
a,ca,posp,
"a cada rato, hace un rato",ebashí,adv,
a causa de,crá’ ta,fr posp,
a la manera de,dójcre,posp,
a medio cocinar,bujgué,adj,
a medio hacer,chichó’,adv,
a pie,crá tá,loc adv,
"a prisa, rápidamente",yéne,adv,
a través de,crá’ ta,fr posp,
abajo,naníshca,adv,
abalorio,shuyrá,sust,
abandonar,ájt,verbo,
abertura en los dedos de los pies,stit,sust,
abierto,cajcshí,adj,
abierto,ture’shí,adj,
abismo,diáshí,sust,
abogado,yodiíj,sust,
abrazar,ba’c,verbo,
abrigar,run’,verbo,
abrigo,é’ua cri’é,sust,
abrir,cajc,verbo,
abrir las piernas,crastac,verbo,
abuela,só’,sust,
abuelo,xasúj,sust,
aburrido,satcá,adj,
aburrirse,sat,verbo,
acaparar,crán’té’,verbo,
acaso,ori an’cá,adv,
acechado,huatení,adj,
acechar,huadá,verbo,
acechar,huatén’,verbo,
aceite,bú’,sust,
"acercándose hacia arriba (segundo plano), hacia acá",huájt,adv,
achiote,cric,sust,
ácido,duncá,adj,
ácido,dunón’,adj,
acomodar,é’,verbo,
acompañar,yá’bra,verbo,
aconsejar,tecshún’ (ca),verbo,
acordarse,chíc quí dójc,verbo,
acordarse,chíc qui tón’,verbo,
acordeón,crú’s,sust,
acostado,uní,adj,
acostarse,un’,verbo,
acostarse,yá’ ún’,verbo,
acostarse boca arriba,yá’ huaraún’,verbo,
acostarse de lado,yá’ chén’ un’,verbo,
acuclillarse,tuj,verbo,
acuerdo,o’guá,sust,
acumulación,shóncra,sust,
acumulación,shonícra,sust,
acumulado,shoní,adj,
adelantar,huájc,verbo,
adentro,ú chi cájc ta,loc adv,
adivinar,dójc,verbo,
admirar,cón’,verbo,
admirarse (de),huaxát (ca),verbo,
adónde,yaí,adv,
adorar,yasuc,verbo,
adormecido,xeát,adj,
adulto,soré’ca,sust,
afilado,ejtcá,adj,
afilar,cayá’,verbo,
afuera,rájxi,adv,
agachado,bucté’shi,adj,
agachado,cubus cubus,adj,
agachado,isbijcshí,adj,
agachado,shuajcá,adj,
agachado,shuajcbú’,adj,
"agachado de nalgas (flexión del tronco hacia los pies, manteniendo las piernas estirada, abiertas)",ijxiát,adv,
agacharse,isbíjc,verbo,
agacharse,shuajc,verbo,
agalla,shó’t,sust,
agarrar,crújc,verbo,
agriarse,duné’,verbo,
agricultor,te’í,sust,
agrio,duncá,adj,
agrio,dunón’,adj,
agua,dí’,sust,
aguacate,bu,sust,
aguantar,ajgó,verbo,
aguijón,drú’,sust,
águila,sú,sust,
aguja,cua’tún’,sust,
ahijada,dí’ te’uá,sust,
ahijado,dí’ te’uá,sust,
ahogado,chéjcá,adj,
"ahogar, ahogarse",chéjc,verbo,
ahogarse,chéjc,verbo,
ahumar,yícúp,verbo,
aire,shum,sust,
al otro lado,duáj ta,loc adv,
al otro lado de,duajguí,adv,
al parecer,ishcumú’,adv,
al revés,chen’uní,adv,
ala,cá,sust,
ala de pollo,cro cá,sust,
alacrán,qui’,sust,
alarmante,con’é,adj,
albahaca,xít quibíc,sust,
alcanzar,crújc,verbo,
alcanzar,cut,verbo,
aleta de pez,un’ yuré’,sust,
algodón,chubú,sust,
algún día,tén’,adv,
alisado,ro’pcá,adj,
allí (señalando un sitio que está a la vista del hablante),ye’é,adv,
allí (señalando un sitio que no está a la vista del hablante),yá ta,loc adv,
alma,huic,sust,
almacenado,brá’ca,adj,
almacenamiento,brá’uá,sust,
almacenar,brá’,verbo,
almizcle,xú’t,sust,
almohada,sadruné’,sust,
alondra,chontes,sust,
alrededor,shicujdé,posp,
altercado,yó chá,sust,
alto,ájt,adj,
alto,ajxí,adj,
"alto, elevado",ájtca,adj,
alumbrar,datshí’,verbo,
alumbrar,ro’,verbo,
alzar,risht,verbo,
amanecer,ba’,sust,
amanecer,các ba’cá,verbo,
amansar,dubrá’,verbo,
amante,curá’,sust,
amar,beyán’,verbo,
amargo,ba’cá,adj,
amargo,ba’gón’,adj,
amarillo,dút,sust,
amarillo,yiát,adj,
amarrado,in’uá,adj,
amarrar,in’,verbo,
amarrarse los cordones del zapato,cubuj,verbo,
amasado,cajduá,adj,
amasar,cajt,verbo,
ambulante,naúc naní’,adj,
amenazar,yuac,verbo,
amigo (a),yó’cua,sust,
amistad,morén’cra,sust,
amistoso,bu’gát,adj,
amontonado,shomú’,adj,
amontonar,crán’té’,verbo,
amontonar,munté’,verbo,
amontonar,shon,verbo,
ampararse,can’ új,verbo,
ampolla,tró’cá,sust,
añadido,úgue’shí,adj,
anaranjado,drajchína,adj,
anaranjado,drajchína át,adj,
ancho,manát,adj,
ancho,man’cá,adj,
anciano,xusúcran’xá,sust,
angosto,cúját,adj,
angosto,su’iát,adj,
angosto,tajgát,adj,
ángulo,drú’,sust,
ano,is cása,sust,
anoche,dujbí’c,adv,
anochecer,bu,verbo,
ante,huájgue’,posp,
anteayer,quibí bú’c,adv,
anteojos,ca’íshcra é’ua,sust,
antes,bíjta sáta,adv,
antes,nen’uájc,adv,
anudar,cubíj,verbo,
anzuelo,suc chíjua,sust,
apagar,són,verbo,
aparecer,bau’,verbo,
aparecido,bau’cá,adj,
apartamento,xon ú,sust,
apear,a’,verbo,
aplastado,cobotcá,adj,
aplastado,curasát,adj,
aplastar,cobot,verbo,
aplastar,chi’,verbo,
aplaudir,yuré’ chí’,sust,
apoyado,anté’shi,adj,
apoyo,an’crá,sust,
apoyo,anté’,sust,
aprender,crújc,verbo,
aprender,yá bín’,verbo,
aprender (de),bin’ (at),verbo,
aprender de memoria,crújc i sagrá ta,loc,
apretado,cajduá,adj,
apretar,bric,verbo,
apretar,cajt,verbo,
apurado,beshé’ua,adj,
"apurarse, apresurarse",béshe’,verbo,
aquel (referido a objetos no visibles),yá,dem,
aquí,hue’é,adv,
araña,curép,sust,
araña,ójc,sust,
árbol,crán’,sust,
árbol de calabazo,yún’cra,sust,
archivo,brá’ishcón’,sust,
arco,bútcra,sust,
arco,tun’crá,sust,
arco iris,yin’ú’s,sust,
arder,drup,verbo,
ardilla,bóc shuán’,sust,
ardilla,shuán’,sust,
ardilla voladora,bóc xít,sust,
ardor,drí’ drubrá,sust,
arena,up,sust,
arenoso,camshó’,adj,
arete,cuágaj é’ua,sust,
armadillo,xon,sust,
armario,cú’shi brá’ua,sust,
aroma,cóm,sust,
arrancado,cuajcá,adj,
arrancado,cuajuá,adj,
arrancar,cuaj,verbo,
arrastrado,shrédrua,adj,
arrastrar,shret,verbo,
arriba,ajdí,adv,
arriba,ucshí,adv,
arrodillado,cú’guishí,adj,
arrodillarse,cu’guí,adj,
arrodillarse,yá’ cu’guí,verbo,
arrojar,huec,verbo,
arrollar,tuin’,verbo,
arroz,susrút,sust,
arrugado,crú’s,adj,
asado,shí’ua,adj,
asar,shí’,verbo,
asegurarse,yá’ yri’ísha,verbo,
así,huá’shi,adv,
"así, de esa manera",yá’shi,adv,
asiento,te’crá,sust,
asma,sucsuí,sust,
asmático,sucsuí crán’,adj,
áspero,brujcá,adj,
astilla,crán’ ba,sust,
astilla,shóc,sust,
astringente,dabagón’,adj,
asustado,con’cá,adj,
asustado,con’í,adj,
asustado,cón’ua,adj,
asustado,yá’ cón’ca,adj,
asustar,cón’,verbo,
atascado,tubú’shi,adj,
ataúd,huá’p,sust,
atizar,saté’,verbo,
atol,ócchá,sust,
atorado,shejcá,adj,
atorarse,shej,verbo,
atrapado,sá’ua,adj,
atrapar,crújc,verbo,
atrapar,sá’,verbo,
atravesado,cajuní,adj,
aurora,ba’,sust,
avaricia,sus,sust,
avaro,suscrán’,adj,
avispa,srún’uá,sust,
axila,trucsháj,sust,
ayer,"bí’c, bí’c qui tá",adv,
ayuda,sáyu’uá,sust,
ayudado,sáyu’uá,adj,
ayudante,sayu’í,sust,
ayudar,sayú’,verbo,
azúcar,budíj,sust,
azúcar,quí budón’,sust,
azúcar,quí butcá,sust,
azúcar,up budón’,sust,
azul,hua’gát,adj,
azul índigo,tibícá,adj,
babosa,táp shí’,sust,
baboso,rodón’,adj,
bagazo,bajcrá cuá’s,sust,
bahía,quí drú’,sust,
bailar,cuic,verbo,
bajar algo,a’,verbo,
bajo,díaca,adv,
balsa,o’scra,sust,
"balsa, bote, embarcación. Por extensión, cualquier medio de transporte, automóvil, autobus",rú,sust,
bañado,yó’ua,adj,
banano,briduá,sust,
bañar,yó’,verbo,
"bañarse, ducharse",yá’ yó’,verbo,
banco,antáj,sust,
bañera,yá’ yó’cra,sust,
barba,ujsí,sust,
barbilla,shá’dij,sust,
barbudo,bí’c,sust,
barco,rú cri’é,sust,
barrer,shin’,verbo,
barrido,shin’uá,sust,
barro,surá’,sust,
"bastante, suficiente",breát,adv,
basura,uyún’,sust,
batea,crán’ shin’huá,sust,
batea,cú’shi tujguá,sust,
batido,subújguá,adj,
batir,subujc,verbo,
bautizarse,cá’ rójc bac,verbo,
bazo,nóm,sust,
beber,shújt,verbo,
beber,yan’,verbo,
bebido,yan’uá,adj,
besar,bu’s,verbo,
besar,busán’,verbo,
beso,busán’,sust,
bien,morén’,adv,
bijagua,shua’cá,sust,
bisabuela,dusó’,sust fem,
bisabuelo,duxasúj,sust masc,
bisnieta,dubríshba,sust,
bisnieto,dubríshba,sust,
blanco,suát,adj,
boa,racshíc,sust,
boca,cása,sust,
boca arriba,huaraní,adj,
boca del estómago,co’íj,sust,
bocadillo,shuganté’,sust,
bola,bas,sust,
bola,boát,sust,
bolsa de chorrear café́,crán’hua shíjua,sust,
"bonita, bello, hermoso",yá’mú’ra,adj,
borde,ban’,sust,
bordón,a’chí’ua,sust,
borracho,catarán’,adj,
borracho,quí’sujcá,adj,
Boruca,brún’cajc,sust,
bosque,crán’ súj,sust,
bostezar,huayúc,verbo,
botadero,biún’cra,sust,
bramar,huin’,verbo,
brasa,yicshuá’,sust,
bravo,ajcá,adj,
brazo,yécsa,sust,
brillante,bra’é,adj,
brillante,drajcá,adj,
brillar,drup,verbo,
brincar,shes,verbo,
bromear,cátua’,verbo,
bromista,cátua’súj,adj,
bruja,bichí,sust,
buscado,díua,adj,
buscar,dí,verbo,
buzo,su’guí,sust,
cabalgadura,bégua,sust,
caballo,rejré,sust,
caballo,sarócra,sust,
caber,bri’,verbo,
cabeza,sa,sust,
cabeza,sagrá,sust,
cacao,cáu’,sust,
cacarear,majt,verbo,
cachorro de perro,cuxí,sust,
cada una de las piedras del fogón,crish,sust,
cadáver,cojtcá,sust,
cadera,can’tájgua,sust,
caer,a’rí’,verbo,
caer,tru’,verbo,
café́,crán’hua,sust,
cafetera,dí’ brójua,sust,
caído,tru’cá,adj,
calabazo,có’,sust,
calabazo,shíua,sust,
calabazo,yún’,sust,
calambre,buc,sust,
calavera,sagrá det,sust,
calcular,dójc,verbo,
caldo,chá,sust,
calentar,ro’dé,verbo,
calentar,yiré’,verbo,
calentura,ché’,sust,
caliente,ro’,adj,
caliente,ro’cá,adj,
calmado,sí’sát,adj,
calor,ro’,sust,
calor,yión’,sust,
calvo,sabódat,adj,
calvo,saxí’,adj,
cama,antáj,sust,
cámara fotográfica,huic chíjgua,sust,
camarón,suá,sust,
camarón,xa’,sust,
camello,sarócra chén’ cubúj,sust,
caminar,dec,verbo,
camino,nén’,sust,
camisa,é’ua,sust,
camote,únca budón’,sust,
campamento,sú’c,sust,
campo,sú’c,sust,
cana,sasrúya,sust,
caña,bat,sust,
caña de azúcar,bajyrá,sust,
canalete,mamrá’ua,sust,
canasta,co’crán’,sust,
candela,bút,sust,
cangrejo,cróc,sust,
cansado,yrojcá,adj,
cansar,yáj,verbo,
cansar,yój,verbo,
cansar,yroj,verbo,
cantar,tabáyen’,verbo,
canto,tabáyen’,sust,
cara,ca’ísh,sust,
caracol,crú,sust,
caracol de tierra,yabá’ cabá’,sust,
carácter,cahuí’cra,sust,
característica,cahuí’cra,sust,
carbón,ríshencrá,sust,
carbón,yicshuá’,sust,
cárcel,cú’,sust,
carga,on’,sust,
cargado,té’shi,adj,
cargar,te’shíj,verbo,
carne,urán’,sust,
carta,ó’c cuá’s,sust,
casa,ú,sust,
casado,dó’ua,adj,
casarse,yá’ dó’,verbo,
cascajo,can’shój,sust,
cáscara,cuá’s,sust,
castigado,bajduá,sust,
castigar,tabajc,verbo,
castigo,bajdí,sust,
castrar,cúp chijc,verbo,
castrar,surej,verbo,
catarata,cán’rán’,sust,
caucho,crán’urí’s,sust,
cazado,sá’ua,adj,
cazador,dabán’,sust,
cazar,ái’,verbo,
cazar,sá’,verbo,
cazar,yaba’chíc,verbo,
ceja,ca’ísh shíj,sust,
"cele, verde (frutas)",uriát,adj,
cementerio,cojtcá ígui ú,sust,
ceniza,brún’,sust,
centro,chíbij,sust,
centro del ano,is bródij,sust,
cepillo,cá’sh,sust,
cera,bút,sust,
cera de abeja,butchá,sust,
cerbatana,bót cúp,sust,
cerbatana,crán’ bot,sust,
cerca,ecchíshi,adv,
cerdo,cúchi,sust,
cerebro,dobó’t,sust,
cerrado,du’shí,adj,
cerrar,du’,verbo,
chato,shis curé,adj,
chicha,yubú’,sust,
chicharra,co’shcuá,sust,
chicharrón,cúchi cuá’s,sust,
chiflón,crán’,sust,
chile,yabá’,sust,
chismoso,cá’tu’á,adj,
chocolate,cáu’ u’uá,sust,
chofer,rú bac,sust,
chorrear,oj,verbo,
chupado,yajduá,adj,
chupar,yájt,verbo,
ciego,tué’t,adj,
cielo,các,sust,
ciempiés,cobá’,sust,
científico,huiíj,sust,
cigarra,yuí’s,sust,
cima,drú’,sust,
cima de un cerro o de una altura,drun’,sust,
cinco,shishcán’,num,
cintura,ín’cra,sust,
cinturón,in’uá,sust,
cinturón,suámca,sust,
circular,basát,adj,
círculo,bas,sust,
círculo,shén’,sust,
clarament,bá’ratcá,adv,
claridad,các dát,sust,
claro,ba’gát,adj,
claro,cratcá,adj,
claro en el bosque,các dát,sust,
clavado,xaní,adj,
clavar,xán’,verbo,
clavícula,cuícxa,sust,
clavo,xán’ ua,sust,
clírotis,shuá’ cuátcua,sust,
clítoris,cróc cuátcua,sust,
clueca,shuajcshí,adv,
cobarde,ájc baguí’shi,adj,
cobija,run’uá,sust,
cobijado,run’í,adj,
cobijar,run’,verbo,
cocina,drí’,sust,
cocina,yítan’,sust,
cocinado,drí’ua,adj,
cocinar,drí’,verbo,
cocinera,drí’í,sust,
cocinera,rí’shoíj,sust,
coco,siahuá,sust,
coger,crújc,verbo,
cojeando,cui’scui’s,adv,
cojear,cui’s,verbo,
cojear,ri’c,verbo,
cojo,cui’s,adj,
cola,cuanxá,sust,
colado,shijguá,adj,
colador,shijbrá’ua,sust,
colar,shij,verbo,
colchón,anté’ua,sust,
colega,catájgua,sust,
colgado,bin’ raní,adj,
colgado,bin’ uá,adj,
colgado,crú’chiní,adj,
colgar,bin’,verbo,
colgar,in’,verbo,
colibrí,brun’xú’s,sust,
cólico,shucran’,sust,
collar,shuyrá,sust,
collar hecho con huesos,rá’ casa,sust,
colmena,bút ú,sust,
colon (parte del intestino),mun,sust,
colorido,drubrajé,adj,
columna vertebral,cuá’det,sust,
comadreja,réj,sust,
comal,cuam,sust,
combatir,yá’ ái’,verbo,
combinado,oc,adj,
combinado,sayuá,adj,
combustible,yícra tojgua,sust,
comején,sagrá turinát xít,sust,
comején,yrí,sust,
comer,tú’,verbo,
comer cosas duras,ya’dé,verbo,
comer frutas,ba’s,verbo,
cometa,umrá cuan,sust,
cometa,umrá shuá’,sust,
comida,ya’dé,sust,
comida,ya’dé,sust,
como,dójcre,posp,
como,dó’sh,adv,
como,iní’,adv,
cómo,iní’shi,part interr,
cómo,íshen’,interr,
compañero,bú’gua,sust,
compañero,yá’ braí,sust,
compañero,yá’braíj,sust,
completamente,huá’xe,adv,
completar,caré,verbo,
completo,huá’xi,adj,
comprar,ton’,verbo,
comprobar,huí,verbo,
con,é’ dé,posp,
con,man’,posp,
con facilidad,huajgre,adv,
"con gusto, gustosamente",yen’é,adv,
con náuseas,huararó’át,adj,
concha,shús,sust,
condimento,comné’ua,sust,
conducir,huajté’,verbo,
conejo,bíjt,sust,
confesarse (con un sacerdote),yá’ yuac (caban’ cá),verbo,
confite,budíj,sust,
confundir,tubu’,verbo,
congelarse,sejré’,verbo,
conocer,huí,verbo,
conservado,brá’ca,adj,
conservar,brá’,verbo,
contar,cácyuac,verbo,
contar números,shán’,verbo,
contestar,ché,verbo,
contra,xayén,posp,
conversar,cácyuac,verbo,
"conversar en voz muy alta, hacer bulla",uré’raré’,verbo,
copete,bíjca,sust,
corazón,cuisíj,sust,
corazón (de un árbol),tri’,sust,
corazón de algo (de una fruta),chíbij,sust,
corazón de un árbol,crán’ trí’,sust,
cornudo,crán’súj,adj,
coronilla,sagrá tubún’,sust,
correr,decyú’,verbo,
corretear,degó’,verbo,
corriente,decyú’cra,sust,
corriente del río,dí’ shuin’,sust,
cortado,rejcá,adj,
cortado,réjgua,adj,
cortar,bit,verbo,
cortar,réjc,verbo,
cortar,tas,verbo,
cortar a la mitad,ijtá,verbo,
corteza,cuá’s,sust,
corto,cúját,adj,
corto,tusát,adj,
corto,tusrádu,adj,
cosa,ídidídi,sust,
cosechar,cón’,verbo,
coser,yú’s,verbo,
costilla,yíshiñ,sust,
costillas,détcra rójc,sust,
costra de comida adherida a las ollas,cuac,sust,
costumbre,cahuí’cra,sust,
costumbre,sót,sust,
coyote,auj bíjc,sust,
coyote,quibí,sust,
coyote,rú’ aúj,sust,
crecer,bójc,verbo,
crecer,crié’,verbo,
crecer,crun,verbo,
crecer,dobojc,verbo,
creer,bú’t,verbo,
"creído, persona que se cree mejor q otros",butashí,adj,
crespo,sabúc,adj,
criar,dobojc,verbo,
criminal,xu’cá,sust,
criollo,bíjta sáta,adj,
crudo,tajcá,adj,
cruzar,tójc,verbo,
cuando,é’,posp,
cuándo,í’c,interr,
cuándo,í’c de,part interr,
"cuánto, cuántos",bí’c,pron inter,
cuarta (medida),cuá’ta,sust,
cuarto,cahuí’ua,sust,
cuarto,ú chi,sust,
cuatro,bájcan’,num,
cubierto,cáchi’shí,adj,
cubierto,cáchi’uá,adj,
cubrir,cáchi’,verbo,
cubrir,dus,verbo,
cucaracha,sójc,sust,
cuchara,cri,sust,
cuchillo,man’crá,sust,
cuello,in’sá,sust,
cuerda,cam,sust,
cuerda,cúpcra,sust,
cuerno,crán’,sust,
cuesta,nan’ájt,sust,
cueva,súc,sust,
cuidado,brá’ca,adj,
cuidar,brá’,verbo,
cuidar,crabé’,verbo,
cuita,budrán’,sust,
cuita,cró shuá’,sust,
culo,is,sust,
culpable,xá’en’cá,adj,
cuñada,bo’c,sust,
cuñada,dai,sust fem,
cuñado,bo,sust masc,
cuñado,duá,sust masc,
curación,ten’uá,sust,
curado,ten’uá,adj,
curar,tén’,verbo,
dado,deuá,adj,
danta,naí’,sust,
dar,dé,verbo,
dar,dó’,verbo,
dar miedo,cón’,verbo,
dar olor,comné’,verbo,
darse cuenta,yá’ cá huá,verbo,
de,ca,posp,
de (marcador de posesión),ec,posp,
de acuerdo,teguá,adv,
de cabeza,sabiní,adv,
de espaldas,chen’uní,adv,
de esta manera,huá’shi,adv,
de hoy en ocho días,cujé’c,adv,
de hoy para mañana,bígran’,adv,
de la mitad hacia abajo,ijtá naní’,adv,
de la mitad hacia arriba,ijtá nan’ájt,adv,
de lado,cajbát,adv,
de lado (acostado de lado),sudát,adv,
de noche,bigát,adv,
de noche,dujbí’c,adv,
"de noche, oscuro",bucá,adv,
"de pie, levantado, parado",yashí,adj,
"de repente, súbitamente",deguá,adv,
de un día para otro,cábé,adv,
de un momento a otro,neme,adv,
de una vez,huá’xe,adv,
"de verano, averanado",duidát,adj,
"de, desde, a, hacia",íj,posp,
deambular,deguéya’é,verbo,
debajo,dép ta,loc adv,
débil,a’chí’,adj,
débil,soncá,adj,
débil,yroját,adj,
débil,yrojcrán’,adj,
decaído,a’chí’,adj,
decir,te,verbo,
dedicarse a,ucsáta,verbo,
dedo,cú’scua,sust,
dedo pulgar,bru’crí’ua,sust,
defecar,shua’cú’,verbo,
defender,yódíj,verbo,
defender (de),yodíj (ca),verbo,
defendido,yódijuá,adj,
dejar,ájt,verbo,
dejar,é’shin’,verbo,
delante de,huajguí,posp,
delante de,huájt ta,loc posp,
delante de,huajté’,adv,
delgado,brá,adj,
delgado,ejdát,adj,
delgado,ejdrádu,adj,
delgado,súnca,adj,
demarcar,beguíca,verbo,
dentro de cuatro días,bajé’c,adv,
dentro de tres días,man’é’c,adv,
derramar,quiaj,verbo,
derretido,ujcá,adj,
derretir,uj,verbo,
derrumbe,cán’rán’,sust,
derrumbe,cas,sust,
desayuno,dí’ rójc,sust,
desbordarse,crun,verbo,
desboronado,shiscá brujcá,adj,
descalzo,crábudát,adj,
descansado,shugué’ca,adj,
descarado,shuicá,adj,
descenso,naní’cra,sust,
descuartizamiento,réjgua,sust,
desde,í,posp,
"desde, de, a, hacia",íj,posp,
desear,ón’,verbo,
desembarcar,tru’,verbo,
desembocadura,dí’ catán’,sust,
desenrollar,cán’,verbo,
desenvolver,sha’té’,verbo,
desenvuelto,shá’te’shí,adj,
desgajar,cój,verbo,
desgraciado (se usa para ofender),cásuquibí sújc,sust,
desgranar,brujc,verbo,
desgranar,cubrújc,verbo,
deslizarse,rodé’,verbo,
desmayarse,turinát,verbo,
desnudarse,búxa,verbo,
desnudo,búxa,adj,
desnudo,búxashí,adj,
desnudo,istrét,adj,
despacio,huatá,adj,
despedazado,daba’cá,adj,
despedazar,daba’,verbo,
despedirse (de),shíc (ca),verbo,
despedirse (de),yá’ she (ca),verbo,
despellejado,shui’cá,adj,
despellejar,shuí’,verbo,
despertar,ca’ísh,verbo,
después,dén’i,adv,
destripado,cobotcá,adj,
destripado,crotcá,adj,
destripado,shuá’shijshí,adj,
destripar,cobot,verbo,
destripar,chi’,verbo,
destripar,shuá’xín’,verbo,
destruido,ron’ cá,adj,
destruir,ron’,verbo,
desvergonzado,biaí’shicuá,adj,
detener,dená,verbo,
detenidamente,huatá,adv,
detenidamente,huatabú’,adv,
devolver,ujdó’,verbo,
día,các,sust,
día,cácba’,sust,
diablito,cacbrú’,sust,
diablito,cagbrú’,sust,
diablito,cagrú’,sust,
diablo,bichí,sust,
diadema,shíjtca ín’ua,sust,
diarrea,shuá’chá,sust,
"dícese del agua sucia, turbia",tobojcá,adj,
"dícese del hombre flojo, que es mandado por la mujer",tajécrajé,adj,
diente,sí’,sust,
diez,cróshtan’,num,
diez,téjcuj,num,
diferente,bu’shí,adj,
dinero,dric,sust,
directamente,bojgué,adv,
directamente,huajgre,adv,
dirigir,shún’,verbo,
discurso,téc,sust,
disfrutar,raun’,verbo,
disgustado,shoní ca’ísh,adj,
dividir,bus,verbo,
dividir,ijtá,verbo,
doblado,cubuját,adj,
doblado,cubujshí,adj,
doblado,cuejxí,adj,
doblar,cubuj,verbo,
doce,bú’c cújc,num,
doctor,che’brú’ ten’ íj,sust,
doctor,ten’íj,sust,
dolor,tú’,sust,
dolor de cabeza,satú’,sust,
dolor de estómago,cutú,sust,
dolor en la nuca,in’crán’,sust,
doloroso,xa’ón’,adj,
"donde, dónde",yé’,adv,
dormido,capshí,adj,
dormilón,capsúj,adj,
dormir,cap,verbo,
dormitorio,cabuá,sust,
dos,bú’c,num,
dueño,bac,sust,
dulce,babudíj,sust,
dulce,budón’,adj,
dulce,butcá,adj,
durante,huajguí,posp,
duro,cán’át,adj,
duro,rigát,adj,
duro,sijón’,sust,
echado (dícese de una animal),cuimú’,adj,
echar,é’,verbo,
edificio,ú só’,sust,
"el mismo, la misma",abí,art enf,
"el mismo, la misma",abíj,art enf,
"el que cría, criador",dobojguí,sust,
elegir,sári,verbo,
elevado,ájtca,adj,
embarazada,brujtá,adj,
embarazada,i’bujta,adj,
embarazada,údiú,adj,
embarcar,bec,verbo,
emborracharse,qui’sújc,verbo,
emerger,abu’,verbo,
empalizada,crán’ mun,sust,
empalizada,crán’shi,sust,
empalizada,crán’shi rán’cra,sust,
empapado,rejcá,adj,
empapar,réjc,verbo,
empleado únicamente en las expresiones de saludo,shójcre,verbo,
empujar,cá’xun’,verbo,
en,ca,posp,
en,ta,posp,
en carrera,decyú’,adv,
en carrera,decyú’ decyú’,adv,
en casa de,cába,posp,
"en casa, en la casa",te’shí,adv,
en esta dirección,huáij,adv,
en la mañana,du’shú’,adv,
en la tarde,aguibá,adv,
en medio,chi ta,loc posp,
en pedazos,tuját,adj,
en pedazos,tújratujrá,adv,
en secreto,cosbrá’ua,adv,
en seguida,huiqué’,adv,
"en torno a, alrededor",ca,posp,
en voz baja,cóshua,adv,
enagua,ró’shi,sust,
enamorarse,sá’ beyán’,verbo,
enamorarse (de),yá’ crujc (é’dé),verbo,
encajar,bec,verbo,
encaramar,bec,verbo,
encender,ro’,verbo,
encender el fuego,ucshíra,verbo,
encia,sí’shá’s,sust,
encima,yrá ca,loc adv,
encoger,shú’,verbo,
encontrar,cún’,verbo,
encorvarse,cui’,verbo,
encuentro,cué’,sust,
encuentro,cun’í,sust,
enderezar,du’,verbo,
enderezar,dúré’,verbo,
endulzar,budé’,verbo,
endurecerse,xijré’,verbo,
energía,shugué’,sust,
enfermedad,che’brú’,sust,
enfermera,che’át crabé’i,sust,
enfermizo,huáyic,adj,
enfermo,ché’ adíj,sust,
enfermo,che’át,adj,
enfriarse,sejré’,verbo,
"enfurecer, enfadar, enojar",yót,verbo,
engañador,cacyájua,sust,
engañar,huayáj,verbo,
engrosar,brujdé’,verbo,
enjuagar,cuacshíj,verbo,
enjuagar un trasto,sró,verbo,
enojado,cá’brúc,adj,
enojado,ca’ísh shoní,adj,
enojado,ca’ísh shoní,adj,
enojo,yót,sust,
enredado,a’rí’ronrí’,adj,
enredado,drijshí,adj,
enredar,drij,verbo,
enrollado,basté’shi,adj,
enrollado,shicshí,adj,
enrollar,basté’,verbo,
enrollar,shic,verbo,
ensenada,croj,sust,
enseñar,bin’,verbo,
enseñar,yen’,verbo,
enteder,téc dójc,verbo,
entender,dójc,verbo,
entero,huá’xe,adj,
enterrado,bí’shi,adj,
enterrar,bí’,verbo,
entierro,dí’p,sust,
entonces,abishé’,adv,
entonces,é’,posp,
entonces,iní’,conj,
entonces (usado en oraciones condicionales),neme,adv,
entrada,yu’úcra,sust,
entrañas,chíc,sust,
entrar,yu’úc,verbo,
entre,chi ta,loc posp,
entre feo y regular,sa’rayen’,adj,
entregar,dó’,verbo,
entrelazado,chígue’uá,adj,
entrelazado,sha’sté’shi,adj,
entrelazar,chigué’,verbo,
entrelazar,sha’sté’,verbo,
entrepierna,crátán’,sust,
envejecer,sujdé’,verbo,
enviado,shún’ua,adj,
enviar,shún’,verbo,
envuelto,sha’át,adj,
equivocarse,yá’ dai,verbo,
erizarse,xoraní,verbo,
eructar,au’tán’,verbo,
"esa, ese, eso; aquel, aquella, aquello (referido a algo visible al hablante)",chí’,dem,
escalera,díujduá,sust,
escalera,újduá,sust,
escama,ojtcuá,sust,
escama de pez,un’ ojtcuá,sust,
escampar,cuá’,verbo,
escarbado,rujguá,adj,
escarbar,rujc,verbo,
escaso,cáruj,adj,
esclavo,iní,sust,
escoba,cac yícra,sust,
escoba,cuá’tcua,sust,
escoger,ishdíc,verbo,
escogido,íshdua,adj,
escogido,sáriuá,adj,
esconder,be,verbo,
esconderse,su’c,verbo,
escondido,beát,adj,
escondido,beshí,adj,
escondite,becrá,sust,
escondite,beuá,sust,
escopeta,bót,sust,
escorpión,cuacú’,sust,
escribir,ó’c shí’,verbo,
escroto,cúp cuá’s,sust,
escuchar,dójc,verbo,
escuela,ú bin’,sust,
escupir,srutún’,verbo,
escurridizo,rodón’,adj,
escurrirse,rodé’,verbo,
espada,rujtcrá,sust,
espalda,chen’cuá,sust,
espantar,cón’,verbo,
esparcir,a’rí’,verbo,
esparcir,shon’,verbo,
espeluznante,yá’ con’é,adj,
esperar,dená,verbo,
espeso,roscá,adj,
espesor,brují,sust,
espina,cua’,sust,
espinarse,cua’ té’,verbo,
espinilla,cráca’ìsh,sust,
espinilla,yabarós,sust,
espíritu,huic,sust,
esponja para lavar,runrí’,sust,
esposa,ramát,sust,
espuma,dí’ srút,sust,
esquina,drú’,sust,
"esquina, rincón",úscun’,sust,
establo,turi ú,sust,
estaca,crán’ drú’,sust,
estar boca arriba,huarán’,verbo,
estar colgado,crú’ chin,verbo,
estar despierto,ca’ísh yéne,verbo,
"estar nervioso, ser nervioso",yá’ cón’,verbo,
estar o ponderse de acuerdo,teguá,verbo,
estar quieto,sí’sát,verbo,
estar vivo,yiri’,verbo,
estar vivo,yri’,verbo,
este,huá,adj,
este,hué’,adj,
estirado,tútca,adj,
estirado,tutsí,adj,
estirar,bin’,verbo,
estirar,tút,verbo,
estómago,cúa,sust,
estómago,dús,sust,
estornudar,a’shún’,verbo,
estornudar,é’shún’,verbo,
estornudar,shún’,verbo,
estornudo,a’shun’í,sust,
estrella,umrá,sust,
estrella fugaz,umrá cuijí,sust,
estuche,huá’p,sust,
exactamente,huá’xe,adv,
examinar,ísht,verbo,
exclamación que denota sorpresa o admiración,ora,interj,
exclamación que denota sorpresa o admiración,ori’da dé,interj,
existir,cuiní,verbo,
expresión usada para indicar al interlocutor que termine su discurso y equivale a: entonces? Que pasó después?,mán’,interj,
exprimir,cajt,verbo,
extranjero (no indígena),sí’cua,sust,
extranjero moreno,sí’cua brodát,sust,
extraño,xá’yen’,adj,
fácilmente,bri’é,adv,
factura,curín,sust,
familia,cra’ rójc,sust,
fanatico,curá’,sust,
feo,sa’ñú’en’,adj,
fiesta,durij,sust,
filo,ejt,sust,
filoso,ejdón’,adj,
fin,ocrá,sust,
fino,shóncra,adj,
flauta,cué’,sust,
flecha,íscra,sust,
flojo,bo’cá,adj,
flor,srut,sust,
flotar,bíjc,verbo,
flotar,bijt,verbo,
formación,bi’c,sust,
forrar,cuagué,verbo,
fortaleza,sodíjcra,sust,
fortificación,ajgraní,sust,
fósforo,yícra tojgua,sust,
fotografía,ó’c cuá’s xít,sust,
freír,shí’,verbo,
frente,huatúj,sust,
frijol,yró,sust,
frijoles,sué’p,sust,
frío,seját,adj,
frío,sejcá,adj,
frío,xá’,sust,
frío,xa’brú’,sust,
frotar,sujc,verbo,
fruta,hua,sust,
fuego,yicrá,sust,
fuera,ca,posp,
fuerte,ajcá,adj,
fuerte,ajgón’,adj,
fuerza,ájc,sust,
fuerza,shugué’,sust,
fugitivo,xu’cá,sust,
fumar,dua súc,verbo,
furia,yót,sust,
galillo,cuj,sust,
gallina,cró,sust,
ganadero,turi bac,sust,
ganado,turi,sust,
ganso,dí’suá,sust,
garganta,cuj,sust,
garra,cú’scua,sust,
garrapata,shát,sust,
garza,crin’,sust,
garza blanca,caís,sust,
gatear,shút,verbo,
gato,bís,sust,
gavilán,suj,sust,
gemelo,bus,adj,
gerente,tecyáij,sust,
girar,shicujt,verbo,
girasol,cun’srut,sust,
glande,mun’xín drú’,sust,
golfo,quí drú’,sust,
golpeado,dauscá,adj,
golpear,bájt,verbo,
golpear,daus,verbo,
goma,rot,sust,
goma,urí’s,sust,
gordo,brujtá,adj,
gordo,urepcá,adj,
gorgojo,cos,sust,
gota de agua,dí’ ojcá,sust,
grabado,shrédrua,adj,
grabadora,tégan’crá,sust,
grabar,shret,verbo,
gracias a,crá’ ta,fr posp,
granadilla,sejcra,sust,
grande,crí’,adj,
grande,cri’é,adj,
grande,cri’éj,adj,
grillo,sít,sust,
gris,brodát,adj,
gritar,boc,verbo,
gritar,huin’,verbo,
gritar (de susto),casá’,verbo,
gritería,bogué bra’é,sust,
grueso,brujcá,adj,
grueso,crábú’,adj,
grupo,é’t súj,sust,
grupo,múnta,sust,
guacal,cuá’,sust,
guardián,crabé’í,sust,
guerra,ái’cra,sust,
guerrero,ai’í,sust,
guerrero,yá’ ái’í,sust,
guiar,huajté’,verbo,
guiar,shún’,verbo,
guindar,bin’,verbo,
guitarra,yá’ chúj,sust,
gusano,tut,sust,
gusano,yín’,sust,
haber,cuiní,verbo,
hablador,tecbrú’,adj,
hablador,tecsúj,adj,
hablar,te,verbo,
hablar,tec,verbo,
"hablar, conversar, contar, relatar",cácyuac,verbo,
hace cuatro días,quibí bájcan’,adv,
hace mucho tiempo,e’baj,adv,
hacer,ón’,verbo,
hacer,sót,verbo,
hacer cosquillas,churucá,verbo,
hacer remedio,dí’ sodíj,verbo,
hacer ruido,ba’yú’,verbo,
hacha,bíjtcra,sust,
hacia,í,posp,
hacia abajo (en primer plano),naní’,adv,
hacia abajo (en primer plano),náni’uá,adj,
hacia abajo (en segundo plano),nanísh,adv,
"hacia acá (acercándose hacia arriba, primer plano)",huáuc,adv,
hacia adelante,nen’uájc,adv,
"hacia allá (alejándose en un mismo nivel, en ambos planos)",nánoajshí,adv,
"hacia allá (alejándose en un mismo nivel, en ambos planos)",nanój,adv,
"hacia allá (alejándose hacia abajo, en segundo plano)",naniashí,adv,
hacia aquí (acercándose al nivel del hablante en ambos planos),huarój,adv,
"hacia aquí, acercándose hacia abajo (ambos planos)",huariashí,adv,
"hacia aquí, acercándose hacia abajo (en primer plano)",huarí’,adv,
"hacia aquí, acercándose hacia abajo (en segundo plano)",huarísh,adv,
hacia arriba,ajxí,adv,
hacia arriba (en primer plano),naúc,adv,
hacia arriba (en primer plano),naucshí,adj,
hacia arriba (en segundo plano),nan’ ajtshí,adj,
hacia arriba (en segundo plano),nan’ájt,adv,
hamaca,cún’,sust,
hambre,bri,sust,
hambre,bribrú,sust,
hambriento,brigrán’,adj,
hambriento,brisúj,adj,
hasta,é’,posp,
hechar,cú’p,verbo,
hechizo,cán’í,sust,
hecho polvo,tabrun’át,adj,
heder,namón’,verbo,
hediondez,nam,sust,
hediondo,namón’,adj,
helecho,cúpcra,sust,
hembra,ramé,sust,
herido,sha’cá,adj,
herir,réjc,verbo,
hermana,suí’,sust,
hermana mayor,suí’ soré’ca,sust,
hermana menor,brísh,sust,
hermana menor,suí’ nen’íj,sust,
hermano,cabát,sust,
hermano menor,brísh,sust,
hermano(a) mayor,yíj,sust,
herramienta,rujguí,sust,
hervido,brojcá,adj,
hervir,brojc,verbo,
hielo,bóc tuját,sust,
hierba,rú’,sust,
hierro,dric xún’,sust,
hígado,có’c,sust,
hija,huá’,sust,
hijo,huá’,sust,
hijo de puta,shicshicuá ígui huá’,sust,
hilado,buguá,adj,
hilar,buc,verbo,
hilo,cam,sust,
hilo,shú’sua,sust,
hocico,cuemíj,sust,
hoja,cá,sust,
hoja,crán’ ca,sust,
hollín,yijxú,sust,
hombre,cón’rójc,sust,
hombro,cuíctan’,sust,
hondo,cruncá,adj,
hondo,curéat,adj,
hormiga,yac,sust,
horqueta,cotán’,sust,
horqueta,crán’ tán’,sust,
hoy,cháj,adv,
hoy en día,cháj cácba’ ij tá,loc adv,
hueco,cán’ túj,sust,
hueco,súc cájc,sust,
huella,dén’,sust,
huella,shá’,sust,
hueso,detcrá,sust,
huevo,cúp,sust,
huido,xu’cá,adj,
huir,xu’,verbo,
hule,shígurís,sust,
humo,yíya,sust,
hundido,tubu’cá,adj,
hundirse,bu’,verbo,
hundirse,tubu’,verbo,
huraño,rá’,adj,
huso,asba,sust,
huso,tun’,sust,
huso,tún’cra,sust,
ideófono del bramido del toro,mój,id,
ideófono del ladrido del perro,cuj,id,
ideófono del llanto,srec,id,
ideófono del relincho de un caballo,uré’re’,id,
ideófono del ternero,memé’,id,
ideófono para espantar las gallinas,úshe,id,
idioma,tégat,sust,
ido,decá,adj,
igual,yá’ dó’sh,adj,
iguana,shót,sust,
imaginativo,chiguidójc,adj,
imitar,yenú’,verbo,
imprimir,ó’c shí’,verbo,
inclinado,cajbát,adv,
inflado,cushomát,adj,
inflamado,xomcá,adj,
inflamarse,xom,verbo,
inmediatamente,cu’tá,adv,
inmóvil,sí’sát,adj,
inocente,hua’át,adj,
insípido,secá,adj,
inteligencia,chiguidójgua,sust,
inteligente,can’íj bá’ratcá,adj,
intercambiar,babán’,verbo,
intercambiar (por),"ton’ (é’dé, ta)",verbo,
intercambio,babán’ca,sust,
interior de algo,cajc,sust,
interjección empleada para ahuyentar los perros,tíshca,interj,
interjección que denota admiración. Se pronuncia alargando la vocal /e/ de la primera sílaba.,mesque,interj,
"interjección que denota deseo de maldad, deseo de que algo malo pase",neme,interj,
"interjección que expresa duda o posibilidad, será posible?, tal vez",huequé,interj,
intérprete,tecrá,sust,
intersección,crin’cá,sust,
intestino,shuá’,sust,
inundación,dí’ brú’,sust,
invierno,yo brú’,sust,
ir,dec,verbo,
ir agachado,cubus cubus,verbo,
irrigar,quiaj,verbo,
isla,táp dí’ dús ta,fr sust,
jabón,sun’sú hua,sust,
jabón,shís,sust,
jalar,bin’,verbo,
jefe,ú’,sust,
joven,bójc,sust,
joven,bojgát,adj,
jugar,cuíj,verbo,
jugo,chá,sust,
juguete,cuíjua,sust,
juguetón,cuijsúj,adj,
juntado,crin’cá,adj,
juntar,crin’,verbo,
junto a,man’,posp,
junto a,sháj ta,fr posp,
junto a,shá’s ta,loc adv,
"junto a, al lado, a la par",úcra,posp,
jurisdicción,tabrójc,sust,
labio,cása cuá’scua,sust,
lacio,ro’bát,adj,
ladear,sudát,verbo,
lado,chén’,sust,
lado,sut,sust,
ladrar,shuc,verbo,
ladrido,shuc,sust,
ladrón,ayán’ sújcra,sust,
lagartija,urí’,sust,
lagarto,cú’,sust,
lago,yabá,sust,
lágrima,bocá,sust,
laja,cán’cuá’s,sust,
lampara,bút,sust,
lámpara,datshí’ua,sust,
lampiño,barét,adj,
lapicero,ó’c shuá’,sust,
largo,biocá,adj,
largo,biogát,adj,
lavado,tujguá,adj,
lavar,tújc,verbo,
leche de vaca,turi ca’,sust,
lechuza,cújc,sust,
leer,ó’c shán’,verbo,
legaña,duá’s,sust,
legítimo,drijí,adj,
lejano,cáhuic,adj,
lejos,dijshí,adv,
lejos,duájata,adv,
lejos,duájca,adv,
lejos,duajshí,adv,
lejos (de),cáhuic (ca),adv,
lejos abajo,díata,adv,
leña,yí,sust,
leña de río,brujrán’,sust,
leñador,crán’ biun’í,sust,
lengua,cuátcua,sust,
lengua,téc,sust,
lerdo,huatabú’,adj,
levantado,bijcshí,adj,
levantar,bíjc,verbo,
levantarse,bíjc,verbo,
libélula,bichí bégua,sust,
libra,cán’,sust,
libre,ijnén’,adj,
libremente,ijnén’,adv,
licor,dí’ cratcá,sust,
liendre,cua cúp,sust,
limón ácido,drajchína xít dunón’,sust,
limón dulce,drajchína budón’,sust,
limpiar,cój,verbo,
limpiar,shin’,verbo,
limpio,shin’uá,sust,
limpio,trutcá,adj,
línea,nén’cra,sust,
líquido,chá,sust,
liso,ro’bát,adj,
liso,rodón’,adj,
liviano,ojtcá,adj,
llaga,ros,sust,
llaga,shújt,sust,
llamado,cá’yen’uá,adj,
llamar,ca’huín’,verbo,
llamar,ca’yén’,verbo,
"llamarada, llama",yíc drup,sust,
llano,chi’,sust,
llegar,dabac,verbo,
llegar a ser,shi,verbo,
llenar,cut,verbo,
llenarse,cudadé’,verbo,
llenarse (un río),crun,verbo,
lleno,xicá,adj,
lleno (de),cutcá (ta),adj,
llevar de la mano,yican’,verbo,
llorar,bo,verbo,
llorón,bosúj,adj,
llover (literalmente: caer lluvia),yó tru’,verbo,
lloviznar,shu,verbo,
lluvia,yo,sust,
lluvioso,yoát,adj,
lóbulo auricular,cuágaj drú’,sust,
loco,dú’c,adj,
loco,dú’cua,sust,
loco,du’gát,adj,
loco,dú’gua,adj,
lombriz,sura’yíc,sust,
lombriz,su’t,sust,
longitud,bioguíj,sust,
luciérnaga,chán,sust,
"luego, más tarde",aguibá,adv,
lugar,cac,sust,
lugar de descanso,shugué’cra,sust,
luna,tebéj,sust,
lunar,cush,sust,
luz,các dát,sust,
luz,dat,sust,
macana,crój,sust,
macho,con’át,sust,
madera,crán’,sust,
madre,be,sust,
madrina,dí’ te’uá,sust,
madurar,brot,verbo,
madurar,tapcá,verbo,
maestro,bín’ í,sust,
"maestro, el que enseña",yen’rú,sust,
mágico,cun’í,adj,
magullado,có’graní,adj,
maíz amarillo,brué’p,sust,
maíz nuevo,ebrí,sust,
majar,chi’,verbo,
maldad,in’cá’,sust,
maldad,sá’yen’,sust,
malo,in’cá’,adj,
malo,sá’yen’,adj,
mamá,debé,sust,
mañana,các ujtcá,sust,
mañana,sé’c,adv,
manco,yécsa túj,adj,
mandado,shún’ua,adj,
mandar,shún’,verbo,
mandíbula inferior,críij,sust,
mandíbula superior,críij ajdí,sust,
manera de vivir,cahuí’cra,sust,
mangle,trótcra,sust,
manguera,crócrá,sust,
mano,yuré’,sust,
mano,yuré’,sust,
manso,dubrá’ua,adj,
manta,cú’shi,sust,
manteca,bú’,sust,
manzana de adán,croíj,sust,
mapache,dúp,sust,
máquina,dric xún’,sust,
mar,meré,sust,
maraca,tá’,sust,
mareado,sahuí’,adj,
marido,con’át,sust,
marinero,ruíj,sust,
mariposa,cuajcuáj,sust,
"marrón, café",crubát,adj,
más (signo de la adición),yraón’,adv,
masa,ojrán’,sust,
masa,shí’ua,sust,
mascar,ye’ua,verbo,
máscara,ca’ísh é’ua,sust,
matadero,turi sá’,sust,
matado,ái’ua,adj,
matapalo,shupshá’s,sust,
matar,ái’,verbo,
mayoría,ú’ rójc,sust,
"me, te, se, nos, les",yá’,pron ref,
medianoche,các bigát bujtá,sust,
medianoche,các íj,sust,
medias,curáscua cuá’s,sust,
medias,cú’scua é’ua,sust,
medicina,ten’uá,sust,
medida,o’guá,sust,
medido,o’guá,adj,
medio,bujtá,adv,
medio día,các bujtá,adv,
medir,dó’,verbo,
medir,o’c,verbo,
mejilla,crí,sust,
mejilla,shugrán’,sust,
mellizos,huá’bus,sust,
memoria,can’íj,sust,
mencionado,nén’,adj,
menear la cabeza,sacuin’,verbo,
"menearse, moverse, estar vivo",yiri’,verbo,
menor,nen’íj,adj,
mensajero,decyu’í,sust,
mentir,cacyájc,verbo,
mentiroso,huayájgua,adj,
meón,huishcú’s,adj,
mes,tebej,sust,
mesa,ya’décra,sust,
metal,dric,sust,
meter,é’,verbo,
mezcla,chígue’uá,sust,
mezcla,yá’ ten’uá,sust,
miedo,cón’,sust,
miedo,cón’cha,sust,
miedoso,con’í,adj,
miel,buchá,sust,
mientras,huícta,adv,
mientras tanto,huícta,adv,
mierda,shuá’,sust,
migaja,brujcá,sust,
mirado,craé’ua,adj,
mirar,craé’,verbo,
mirar,ísht,verbo,
mitad,ijtá,sust,
mochila,crá,sust,
mochila,crá’shi,sust,
moco,shis,sust,
mojado,secá,adj,
mojado,seuá,adj,
mojar,se,verbo,
molino,ojrán’ ú’ua,sust,
mono,oc,sust,
mono congo,úri’,sust,
montaña,các túj,sust,
montaña,crán’ súj,sust,
montar,bec,verbo,
montón de cosas,ídidídi crán’,sust,
montura,té’ua,sust,
morder,tú’,verbo,
moreno,o’bát,adj,
morir,cojt,verbo,
mosca,bucsrún’,sust,
mosca,tú’c,sust,
mosquito,tú’c xít,sust,
mostrar,bin’,verbo,
mostrar,yen’,verbo,
moverse,yri’,verbo,
movimiento,yiri’í,sust,
muchacha adolescente,bush,adj,
muchacha adolescente,bushát,adj,
muchacha adolescente,bushrójc,sust,
muchacho,cam,sust,
mucho de algo,crán’,aum,
mucho tiempo,cuín’,adv,
"mucho, muchos",újgue,adj,
"mucho, muchos",újgue,adv,
mucho(s),cuín’,adv,
mudo (literalmente: no hablante),teguíshi,adj,
muela,cámij,sust,
muerte,cojtcrá,sust,
muerto,cojtcá,adj,
muerto de hambre,brihuahua,adj,
muestra antes de dar a luz una señora,huáj,sust,
mugir,huin’,verbo,
mujer,ramrójc,sust,
"muletilla usada en la conversación boruca, equivalente al español este!","ebá, ebáji",,
mundo,các,sust,
mundo,cahuí’,sust,
muñeca de la mano,yuré’ ca’ísh,sust,
murciélago,cujxí,sust,
murmullo,shucá,sust,
muslo,busíj,sust,
muy,cuín’,adv,
nacer,bau’,verbo,
nacido,bau’cá,adj,
nadar,abu’,verbo,
ñajo,shisdú’,sust,
nalga,is busíj,sust,
nalga,is drú’,sust,
nalga,is uran’ íj,sust,
ñame,dú,sust,
nance,shihuá,sust,
naranja,drajchína,sust,
naranja agria,draj huá,sust,
nariz,shiscá,sust,
narizón,shis bióc,adj,
narrador,yuaguí,sust,
ñato,shis túsi,adj,
ñato,shisurás,adj,
náusea,huaró’,sust,
necesitar,beyán’,verbo,
necio,sadú’,adj,
negro,brít,adj,
negro,brít,adj,
negro,turín’,adj,
negro (referido a animales y objetos),turinát,adj,
nervioso,con’cá,adj,
nervioso,shugón’,adj,
nervioso,yá’ cón’ sújcra,adj,
nido,chúp,sust,
niece,chú,sust,
nieta,bríshba,sust,
nieto,bríshba,sust,
nieve,bóc suát,sust,
no,í’an’ca,adv,
"no estar, no haber",si’án’,verbo,
noche,bic,sust,
noche,các bigát,sust,
noche,các bu,sust,
nombre,cá’,sust,
noticia,téc,sust,
"novio, novia",shiduá,sust,
nube,boc,sust,
nube,các boc,sust,
nuca,cá’xá,sust,
nudo,cubíjcra,sust,
nuera,quibíj,sust,
nueve,cújtan’,num,
nueve,éjcuj,num,
nuevo,quin’ cá,adj,
nutria,dóc,sust,
obsequiado,deuá,adj,
obsequiar,dé,verbo,
obsequio,dégua,sust,
observado,craé’ua,adj,
observador,ishdí,sust,
observar,craé’,verbo,
ocho,éjtan’,num,
oído,dú’t,sust,
oír,dójc,verbo,
ojo de agua,dí’ huis,sust,
oler,súc,verbo,
oler a orina,tashó’,verbo,
oler bien,comón’,verbo,
olerse algo,comón’,verbo,
olla,curé,sust,
oloroso,comón’,adj,
olvidar,chíc quí dec,verbo,
olvidar,urín’,verbo,
olvidar,urín’ u chí ta,loc,
ombligo,dúsca,sust,
oración,taba,sust,
ordeñar,í’c,verbo,
oreja,cuágaj,sust,
orilla,ban’,sust,
orina,huish,sust,
orinar,huishcú,verbo,
oro,dric drubát,sust,
oro,dric drup,sust,
oro,dric shosát,sust,
oro,shos,sust,
oscurecer,dujdé’,verbo,
oscurecerse,turinát,verbo,
oscuridad,các turín’,sust,
oscuro,turín’,adj,
oso,ron’shí,sust,
ostra,yúijt,sust,
otra vez,áyi’,adv,
otra vez,"éye’, éyi’",adv,
otro,é’t,adj,
padecer de asma,sucsuí crán’,verbo,
padecer de tos,to’tcrán’,verbo,
padre,yebejt,sust,
padre,yuejt,sust,
padrino,dí’ te’uá,sust,
pagar,ton’,verbo,
pagar,ujdé,verbo,
pago,ton’uá,sust,
pájaro,du,sust,
pájaro,du xít,sust,
palabra,téc,sust,
palacio,ú yamú’ra,sust,
pálido,dútshishí,adj,
palma,ócra,sust,
palma de la mano,chi,sust,
palmera,ócra,sust,
palo,crán’,sust,
paloma,du,sust,
pan,crán’utcá,sust,
panal,bút ú,sust,
pantalón,cré’ua,sust,
pantano,dí’ huis,sust,
pantano,surá’ chá,sust,
pantorrilla,támij,sust,
pañuelo,cú’shi cá,sust,
panzón,cudát,adj,
papa,du xít,sust,
papaya,cú’,sust,
papel,ó’c,sust,
paquete,búcshi,sust,
para,yét,posp,
para (marcando el complemento indirecto),ca,posp,
para que?,i’ón’,part interr,
para qué?,ori’ ón’,interr,
paraguas,cáchi’uá,sust,
"paraguas, sombrilla",yá’ cá’shi’uá,sust,
parecerse,dó’she,verbo,
pared,ú shen’,sust,
pareja,bú’gua,sust,
parpadear,ca’ísh sútsút,verbo,
parpadear,sútsút,verbo,
párpado,ca’ísh cuá’s,sust,
parte,túj,sust,
parte,úc,sust,
parte central,dájt,sust,
parte central,dús,sust,
parte de abajo,dép,sust,
parte media,ij,sust,
partícula,doyén’ca xít,sust,
partícula intraducible empleada en ciertas preguntas,dé,part,
partícula pluralizadora,tre,part,
partícula que introduce oraciones finales,chá,part,
partícula que introduce oraciones imperativas negativas,dí,adv,
partido,bá’shi,adj,
partir,ba’,verbo,
partir en dos,bus,verbo,
pasado mañana,bué’c,adv,
pasear,cún’,verbo,
pastor,turi crabé’íj,sust,
pata de pollo,cro’ curáscua,sust,
patear,shés,verbo,
patio,úchen’,sust,
pato,cratus,sust,
pato,curáscua tús,sust,
pato,ro’díban’,sust,
pato doméstico,xén,sust,
pavimentado,cáchi’shí,adj,
peca,baguén’,sust,
pecho,bidrán’,sust,
pedazo,tajc,sust,
pedazo,túj,sust,
pedido,shiguá,adj,
pedir,shíc,verbo,
"peer, tirarse pedos",iscú’,verbo,
pegado,bus,adj,
pegado,cúshi,adj,
pegado,tabaní,adj,
pegajoso,huisraní,adj,
pegajoso,tabagraní,adj,
pegar,tabán’,verbo,
peinarse,yá’ té’,verbo,
peine,cá’sh,sust,
pejibaye,súba’,sust,
pelado,shui’cá,adj,
pelar,shuí’,verbo,
pelear,bájt,verbo,
pellizcar,shirocá’,verbo,
pelo,shi,sust,
pelo de barba,ujsí xít,sust,
pelo de la cabeza,shíjtca,sust,
peludo,shiraní,adj,
peñasco,can’ tán’,sust,
peñasco,canán’,sust,
pene,mun’ xín,sust,
pene,xú’s,sust,
pensar,chíc quí dójc,verbo,
pensar,dójc,verbo,
pepita,drajguí,sust,
pequeño,doyén’ca,adj,
pequeño,istamú’ra,adj,
"pequeño, se emplea para formar diminutivos",xít,adj,
perder,urín’,verbo,
perdido,urin’cá,adj,
pereza,quin’,sust,
perezoso,quin’shí,adj,
perezoso,quin’shicuá,adj,
perezoso,quin’súj,adj,
perfume,cóm,sust,
perico,cáxen xít,sust,
"perico ligero, mono perezoso",xa,sust,
periódico,shán’ ishcón’,sust,
permancer,ajt,verbo,
permanecer,cahuí’,verbo,
permitido,deuá,adj,
permitir,dé,verbo,
permitir,dó’,verbo,
permitir,é’shin’,verbo,
perro,auj,sust,
perseguir,crújc,verbo,
perseguir,degó’,verbo,
perseguir,yac,verbo,
persona,abí,sust,
persona,ya’srójc,sust,
persona blanca,abí suát,sust,
persona colorada,abí drubát,sust,
persona negra,abí brít,sust,
pesado,xiscá,adj,
pesar,xisón’,verbo,
pescado,chíjgua,adj,
pescador,chijguí,sust,
pescador,un’ chíjua,sust,
pescar,chíjc,verbo,
pestaña,ca’ísh shíj,sust,
petate,sháj,sust,
pez aguja,cua’tún’ún’,sust,
pez espada,un’cásh,sust,
pez pargo,shó’un’,sust,
"pez, pescado",un’,sust,
pezón,ca’drú’,sust,
pezuña,cú’scua,sust,
picante,atcá,adj,
picar,suc,verbo,
picazón,tú’,sust,
pico,cása,sust,
pie,curáscua,sust,
piedra,cán’,sust,
piedra de moler,brús,sust,
piedra de moler,cúp táj,sust,
piel,cuá’scua,sust,
pierna,busíj,sust,
pila,súc,sust,
pilado,cujuá,adj,
pilar (el arroz),cuj,verbo,
piña,boá’t,sust,
pintado,bon’uá,adj,
pintado,shosát,adj,
pintar,bon’,verbo,
pintar,shos,verbo,
pintón,ta’pcá,adj,
piojo,cua,sust,
piojoso,cuacrán’,adj,
pipa de fumar,dua súgua,sust,
piquete,os,sust,
pito,cué’,sust,
pizote,sí,sust,
planta,crá,sust,
planta del pie,curáscua plan,sust,
plata,dric suát,sust,
plataforma,shián’,sust,
plátano,muá,sust,
plátano maduro,muári’,sust,
plato,ú’shi,sust,
playa,up chen’,sust,
pluma,cá,sust,
poco,doyén’,adv,
poco a poco,huícta,adv,
podrido,tura’cá,adj,
podrirse,tura’,verbo,
policía,túnxuá,sust,
polilla,crán’trut,sust,
pollo,crá curáscua,sust,
"polvareda, polvazal",tabrún’rán’cra,sust,
polvo,tabrún’,sust,
pólvora,up drubí,sust,
poner,cuin’,verbo,
poner un huevo,cúp shon’,verbo,
ponerse (ropa),é’,verbo,
ponerse de acuerdo,yá’ te’uá,verbo,
ponerse el sol,shuc,verbo,
popa,rú cuanxá,sust,
poquito,doyemú’ra,adv,
por,í,posp,
por,ú’,posp,
"por allí, hacia allí",yáij,adv,
por aquí,huáij,adv,
por consiguiente,an’cá,conj,
por el contrario,an’cá,conj,
por eso,yá úgue’,conj,
por esta hora,hua’shiné,adv,
por medio de,crá’ ta,fr posp,
por qué,cuin’án’,loc adv,
por qué?,í ugué’,interr,
por si acaso,bú’shicá,adv,
porque,úgue’,conj,
potente,ajcá,adj,
pozol,curí’,sust,
precipicio,cas,sust,
precipicio,táp túj,sust,
precisamente,huá’xe,adv,
preguntar,dí,verbo,
preguntar,hua’shíc,verbo,
preguntar,tecshíc,verbo,
prenda de vestir,é’ua,sust,
prensado,tó’s,adj,
prensado,tó’shi,verbo,
prensar,tó’s,verbo,
preparar,yá’,verbo,
preservado,brá’ca,adj,
preservar,brá’,verbo,
prestado,shiguá,adj,
prestar,shíc,verbo,
pretina,brajt,sust,
prima,suí’,sust,
primera cosecha,ra’huá,sust,
primogénito,ra’huá,sust,
prisionero,beát,sust,
proa,ru sagrá,sust,
probar,dójc,verbo,
problema,yá’ teguí,sust,
pronóstico,quibité’,sust,
pronto,dó’ dó’,adv,
pronto,huiqué’,adv,
pronto,réa,adv,
pronto,réi,adv,
propio,sijí,adj,
propio,ya’át,adj,
prostituta,shicshicuá,sust,
protector,sayí,sust,
proteger,brá’,verbo,
proteger,crabé’,verbo,
proveniente,rajtcá,adj,
provisión,nen’drí’,sust,
pueblo,cac,sust,
puente,tójgua,sust,
puerta,úcarás,sust,
"pues, porque, por eso (compuesto de ya abí ú’",yubú’,conj,
puesto,cuimú’,adj,
puesto,cuiní,adj,
pujar,cú’shtan’,verbo,
pulga,shí’c,sust,
pulmón,rúdij,sust,
pulpería,ídidídi igui ú,sust,
Punta,drú’,sust,
pupila,ca’ísh shá’s,sust,
púrpura (color),urís,adj,
que,ní,conj,
qué,itín’,pron interr,
que importa!,atcú’,interj,
"qué, cómo",íshen’,interr,
quebrada,cajc,sust,
quebrado,brujcá,adj,
quebrado,cuescá,adj,
quebrar,brujc,verbo,
quebrar,cués,verbo,
quebrar,daba’,verbo,
quedar,ajt,verbo,
quejarse,cú’shi,verbo,
quejarse,cú’shtan’,verbo,
quemado,rútcá,adj,
quemado,xucá,adj,
quemar,rút,verbo,
quemar,xu,verbo,
querer,beyán’,verbo,
quieto,sí’sát,adj,
racimo,crán’ta,sust,
raíz,shá’s,sust,
rallado,shrédrua,adj,
rallar,shret,verbo,
rama,shíjt,sust,
ramitas quebradas o astillas,crán’shóc,sust,
rana,huén’,sust,
rápido,dó’ dó’,adv,
rascado,shú’sua,adj,
rascar,chuj,verbo,
rascar,shú’s,verbo,
raspado,shrédrua,adj,
raspar,chuj,verbo,
raspar,shret,verbo,
rata,cuí só’,sust,
ratón,cuí xít,sust,
rayo,các,sust,
rayo,cácyra,sust,
rayo,cue’dráta,sust,
rayos del sol,cacchá,sust,
realizar,sodíj,verbo,
realmente,bri’é,adv,
recobrar,ton’,verbo,
recoger,crin’,verbo,
recoger,ran’,verbo,
recojido,crin’cá,adj,
recordar,chigón’,verbo,
recordar,yá’ (i) chí ta ón’,verbo,
recostado,shua’shí,adj,
recostarse,can’ új,verbo,
recto,du’cá,adv,
redondo,basát,adj,
refinar el maíz en la piedra,cané’,verbo,
regalar,dó’,verbo,
regañar,bájt,verbo,
regañar,turéjc,verbo,
regar,a’rí’,verbo,
regar,boj,verbo,
regar,oj,verbo,
regar,quiaj,verbo,
región,tán’,sust,
regresar,shi,verbo,
reír (de),shit (úgué),verbo,
relámpago,các boc,sust,
relatar,cácyuac,verbo,
relatar,shán’,verbo,
relato,shán’,sust,
relinchar,huic,verbo,
relinchar,uré’re’,verbo,
relincho,uré’re’,sust,
reloj,các íshdua,sust,
reloj,các shí’ua,sust,
remedio,ten’uá,sust,
remendado,shecrán’,adj,
remendar,shéctaban’,verbo,
remolino,dí’ shuin’,sust,
remolino,shicújdua,sust,
repartir,tajc,verbo,
república,cahuí’cra,sust,
resbalar,rodé’,verbo,
resignarse,yá’ xa’ón’,verbo,
resistente,crasón’,adj,
resollar,shuyan’,verbo,
respetar,cón’,verbo,
respuesta,cheí,sust,
restos,so’cá,sust,
restregar,ya’huá,verbo,
retoño,trú,sust,
retoño,turú,sust,
reunión,ióc,sust,
reunirse,ióc,verbo,
revolver,chigué’,verbo,
revólver,bót xít,sust,
revolverse,yá’ cun’,verbo,
revuelto,chígue’uá,adj,
rezar,taba’shán’,verbo,
riñón,cán’cúbij,sust,
río,dí’,sust,
robar,ayán’,verbo,
rocío,dí’ shum,sust,
rodar,shút,verbo,
rodilla,cuarán’ta,sust,
rodilla,cu’srán’,sust,
roedor,cuí,sust,
rojizo,drubajé,adj,
rojo,drubát,adj,
romper,shité’,verbo,
roncha,éjc dén’,sust,
ronco,imbú’,adj,
ropa,úsheuá,sust,
roto,shitcá,adj,
roto,shíte’uá,adj,
roto (dícese de la ropa),shie bra’é,adj,
rótula,cua’xít,sust,
ruido,shún’,sust,
sabana,sután’,sust,
saber,huí,verbo,
saber de memoria,huí i sagrá ta,verbo,
sabiburía,huií,sust,
sabio,huií,sust,
sabroso,bre’són’,adj,
sacar,chíjc,verbo,
sacar,rájt,verbo,
sacerdote católico,caban’,sust,
sacudir,curis,verbo,
sal,meré,sust,
salado,shui’dón’,adj,
salir (de),rajt (ta),verbo,
saliva,rot,sust,
saliva,sru chá,sust,
saliva,yan’rot,sust,
salón,ú crí’,sust,
salvaje,cruáp,adj,
salvaje,yu’,adj,
salveque,shómcra,sust,
sancochado,rojguá,adj,
sancochar,rojc,verbo,
sangre,yibí,sust,
sanitario,shua’cú’cra,sust,
sapo,quis,sust,
sapo,shui,sust,
sarna,tu’s,sust,
savia,crán’ chá,sust,
secar,xen,verbo,
secarse una planta,sat,verbo,
seco,ixín,adj,
seco,xencá,adj,
seco (dicho de una planta),satcá,adj,
secreto,cán’í,sust,
secreto,disát,sust,
"seguir (a alguien, algo)",dec (dí) dén’ ca,verbo,
seguramente,a’ronqué,adv,
seis,téshan’,num,
selva,crán’ súj,sust,
selva,yaba’chíc,sust,
semana,duríj,sust,
sembradío,rán’cra,sust,
sembrar,chayá’,verbo,
sembrar,sán’,verbo,
"semejante (a), más o menos, aproximadamente, como. Bú’c metro ijchí – más o menos dos metros",ijchí,posp,
semejante a,dó’sh,adv,
semi desnudo,cúp trét,adj masc,
semi naked,croc trét,adj fem,
semilla,cup,sust,
señal,huahua,sust,
senos,chuchú’,sust,
sentado,sáyashí,adj,
sentado en el suelo,curasxí,adv,
sentarse,sayá,verbo,
sentarse,yá’ sayá,verbo,
sentido,can’íj,sust,
sentir,cun’,verbo,
sentir,dójc,verbo,
sepultura,dí’bujquí,sust,
ser tarde,các bejdé,verbo,
ser tarde,séj,verbo,
serpiente,brú’,sust,
serpiente,tebec,sust,
sesos,sagrá dobó’t,sust,
sí,úgue’,adv,
si acaso,í’an’ ca,conj,
sien,can’íj,sust,
siete,cúj,num,
silbar,xíjcun’,verbo,
silbido,xíjcun’crá,sust,
silencioso,disát,adj,
silla,te’crá,sust,
sin beneficio,chichó’,adv,
sin carga,té’shijshí,adj,
sin nada,cradájta,adv,
sin terminar,crán’ dájt ta,loc adv,
"sin terminar, a medio hacer, sin beneficio",chichó’,adv,
"sirvienta, empleada",yáscra,sust,
sobre (precedida del sust yrá),ca,posp,
sobrina,ráyaba,sust,
sobrino,ráyaba,sust,
sobros,so’cá,sust,
sol,các,sust,
solamente,reshí,adv,
sólido,bojgué,adj,
solitario,reshí,adj,
solo,reshí,adj,
soltar,cán’,verbo,
soltar,shún’,verbo,
soltero,ijnén’,adj,
sombra,huic,sust,
sombrero,sé’ua,sust,
someter,xán’,verbo,
sonajero,chicáj,sust,
soñar,yá’c,verbo,
soñar,yagué’,verbo,
sonriente,cáxi’,adj,
sonriente,shidí,adj,
sonrojarse,chichó,verbo,
sopa,rí’ chá,sust,
sopa,shujdí’,sust,
soplar,buj,verbo,
soporte,an’crá,sust,
sordo,cuadú’c,adj,
sordo,cuá’dút,sust,
sostener,crújc,verbo,
suave,da’dón’,adj,
suave,yro’cá,adj,
suave (dícese de la comida en estado de cocción),rucá,adj,
suavizar,yro’,verbo,
suavizar,yro’ré’,verbo,
sucio,shúcrán’,adj,
sucio,u’dát,adj,
sudar,brajt,verbo,
sudar,sa’i,verbo,
suegra,curabráj,sust fem,
suegro,runcáj,sust,
suelo,táp,sust,
suelto,caní,adj,
sueño,cap,sust,
superficie,yrá,sust,
suquia,bó’s,sust,
surco,cajc,sust,
suspirar,shuc,verbo,
suspiro,shuc,sust,
susto,cón’cha,sust,
susurrar,cosbrá’,verbo,
tabaco,dua,sust,
tal vez,a’ronqué,adv,
talado,biun’cá,adj,
talar,biun’,verbo,
talón,rúj,sust,
tamal,charí’,sust,
tamaño,ijchí,sust,
tamaño,ijchíshi,sust,
tambalearse como los borrachos,tun’té’,verbo,
también,dó’sh,adv,
"también, y",ijchí,conj,
tambor,quebé’,sust,
tan pronto como,é’,posp,
tantear,dójc,verbo,
tapa,cáchi’cra,sust,
tapa (de olla),curé cáchi’uá,sust,
taparrabos,táña’,sust,
tarde,bejdé,adj,
tarde,các nan’ájt,sust,
tarde,các naní’,sust,
tarde,các séj,sust,
tarea,bígran’,sust,
tarima,antáj,sust,
té,crán’ ca chá,sust,
techo,tubún’,sust,
techo,ú tán’,sust,
tejer,cú’shi bin’,verbo,
tejer,cú’shi té’,verbo,
tela,cú’shi,sust,
telaraña,curép ú xít,sust,
telaraña,ójc ú,sust,
temblar,curis,verbo,
temblar,tratbrá’,verbo,
temblor de tierra,curis,sust,
tembloroso,tartbrá’uá,adj,
tempestad,urubú,sust,
temporal,doyén’ quiyén’,adj,
temporalmente,doyén’ quiyén’,adv,
temprano,due’shí,adj,
tender,tút,verbo,
tendido,tútca,adj,
tenedor,cri xán’,sust,
tener,bac,verbo,
tener calor,brajt,verbo,
tener calor,ro’gón’,verbo,
tener calor,yión’,verbo,
tener dolor,xa’ón’,verbo,
tener frío,xá’,verbo,
tener hambre,bri,verbo,
tener hipo,au’tán’,verbo,
tener malestar corporal,cún’,verbo,
tener miedo,cón’,verbo,
tener necesidad,sebéc,verbo,
tener pereza,quin’,verbo,
tener relaciones sexuales,sá’ri’bú’ri’,verbo,
tener sed,dí’ yan’chá,verbo,
tener vergüenza (de),bia (cá),verbo,
teñido,bon’uá,adj,
teñir,bon’,verbo,
teñir,ten’,verbo,
terminación,cué’,sust,
terminado,danicá,adj,
terminar,daní,verbo,
terminar,oc,verbo,
ternero,memé’,sust,
"ternero, ternera",turi xít,sust,
terremoto,curiscá,sust,
testículo,cúp,sust,
testigo,té’ua,sust,
teta,ca’,sust,
tía,chú,sust,
tibio,bo’dón’,adj,
tibio,yiraní,adj,
tiburón,coraún’,sust,
tiempo,các,sust,
tienda de campaña,cú’shi ú,sust,
tierra,táp,sust,
tieso,crascá,adj,
tigre,curá’,sust,
tijeras,cú’shi tás hua,sust,
tinieblas,các turín’,sust,
tío,uncá’,sust,
tiquisque,sán’,sust,
tirar,bin’,verbo,
tirar al aire,risht,verbo,
tobillo,cráca’ìsh,sust,
tocar,bric,verbo,
tocar (instrumentos musicales),chicáj,verbo,
tocar guitarra,chuj,verbo,
todo,ógué,adj,
tonto,sadúc,adj,
tonto,shúcshi,adj,
topo,rujc,sust,
tórax,chíc,sust,
torcer,buc,verbo,
torcer,shí’s,verbo,
torcido,buguá,adj,
torcido,cashuáj,adj,
torcido,shi’sát,ad,
toro,turi sujgrójc,sust,
tortilla común,ojrí’,sust,
tortuga,shéc,sust,
torturado,in’raní,adj,
tos,tó’t,sust,
trabajar,upshíj,verbo,
trabajo,upshíjua,sust,
tradicional,sódijuá,adj,
traer,huí’,verbo,
traer,yu’,verbo,
tragar,bú’t,verbo,
traído,huí’ua,adj,
traído,yú’ua,adj,
trampa,urís,sust,
tranquilo,sí’sát,adj,
transateayer,quibí bán’,adv,
transformarse,shi,verbo,
transparente,drubé,adj,
trapo,cú’shi cá,sust,
"tras, detrás de (en compañía del sust dén’)",ca,posp,
trastero,cuín’uá,sust,
trece,mán’ cúj,num,
trece,óshtan’,num,
trenza,máncua,sust,
trenzado,buguá,adj,
trenzar,buc,verbo,
tres,mán’,num,
triste,huasá’cra,adj,
triste,shó’huadrú’,adj,
triste,shó’shi,adj,
trompa,cuemíj,sust,
tronco,crán’ túj,sust,
tropezar,cu’sté’,verbo,
tropiezo,cu’ste’crá,sust,
trueno,các,sust,
tuerto,tué’t,adj,
túnel,cán’ túj,sust,
ubre,ca’,sust,
último,nen’íj,adj,
uña,cú’scua,sust,
ungüento,shíc,sust,
únicamente,reshí,adv,
unido,bus,adj,
unir,ré,verbo,
uno,"é’xe, é’xi",num,
uno tras otro,yá’ dén’ ca,loc,
urdido,biní,adj,
urdimbre,cuisíj,sust,
urdir,bin’,verbo,
usado (referido a objetos),uran’cá,adj,
vaca,turi ramát,sust,
vacío,ijnén’,adj,
vaina,huá’p,sust,
vainica,sué’p urí’át,sust,
valiente,ajgoní,adj,
valiente,ajgraní,adj,
valle,tán’,sust,
valor,shugué’,sust,
vaquero,turi crabé’íj,sust,
vasija,shí,sust,
vecino,cra’,sust,
vejiga,huishuá,sust,
vello,shíjt xít,sust,
vena,sú’cra,sust,
venado,suturíc,sust,
vencer,yaj,verbo,
vencido,yajcá,adj,
vencido,yajuá,adj,
vender,chictón’,verbo,
veneno,ai’uá,sust,
venir,dabac,verbo,
venir derecho a un sitio,tu’dé,verbo,
ventana,úcarás xít,sust,
ventarrón,shun’brú’,sust,
ver,ísht,verbo,
veraguarse,sec,verbo,
verdad,téc sijí,sust,
verdad?,huá’,interj,
verdadero,sijí,adj,
verdadero,suta,adv,
verde,hua’cá,adj,
verdura,dú,sust,
vergüenza,beát,sust,
vergüenza,bia,sust,
vértebras,chen’cuá detcrá,sust,
verter,quiaj,verbo,
vestido,é’shi,adj,
vestido,ushéshi,adj,
vestido (participio pasado de vestir),úshegué,adj,
vestirse,ushé,verbo,
vestirse,yá’ ushé,verbo,
vez,déc,sust,
viaje,cajp,sust,
vida,yiri’cá,sust,
viejo,sujgrójc,adj,
viejo,shi’át,adj,
viento,shún’,sust,
vientre,rá’huábij,sust,
violencia,ájc,sust,
violento,ajcá,adj,
viscoso,rodón’,adj,
"visible a simple vista, que se ve delante de uno",ca’ísh huáj ta,adj,
visita,cun’í,sust,
visitar,cún’,verbo,
visto,íshdua,adj,
viuda,sajsaj,sust,
vivienda,cahuí’cra,sust,
vivir,cahuí’,verbo,
vivo,yiri’cá,adj,
volado,cún’ua,adj,
volando,cún’ua,adv,
volar,cun’,verbo,
volcar,shicujt,verbo,
volver,shi,verbo,
vomitado,huecá,adj,
vomitar,huec,verbo,
vómito,huecá,sust,
vómito,huecchá,sust,
vuelta (de un camino),cué’,sust,
vulva,cróc,sust,
y,iné,conj,
y,iní’,conj,
y,ní,conj,
y demás cosas,huá’shi huá’shi,loc adv,
yema,quisíj,sust,
yema,súij,sust,
yerno,quibíj,sust,
yo,át,pron pers,
yuca,únca,sust,
zacate,su,sust,
zacate de limón,sú dun’ón’,sust,
zambullirse,su’c,verbo,
zancudo,éjc,sust,
zanja,cajc,sust,
zanjo,rúbren’,sust,
zapato,crá é’ua,sust,
zapato,curáscua é’ua,sust,
zigzagueando,cu’n’cu’n’,adv,
zompopa,si,sust,
zompopa,shij,sust,
zorro,suít,sust,
